Common Name,Scientific Name,ESA Listing Status,Is Foreign?,Taxonomic Family,Taxonomic Group,Taxonomic Kingdom
Fraser fir,Abies fraseri,Species of Concern,FALSE,Pinaceae,Conifers and Cycads,Plant
Oso Flaco robber fly,Ablautus schlingeri,Species of Concern,FALSE,Asilidae,Insects,Animal
Ramshaw Meadows sand-verbena,Abronia alpina,Resolved Taxon,FALSE,Nyctaginaceae,Flowering Plants,Plant
Yellowstone Sand Verbena,Abronia ammophila,Resolved Taxon,FALSE,Nyctaginaceae,Flowering Plants,Plant
No common name,Abronia ammophila var.,Species of Concern,FALSE,Nyctaginaceae,Flowering Plants,Plant
[Unnamed] sand-verbena,Abronia ammphila,Species of Concern,FALSE,Nyctaginaceae,Flowering Plants,Plant
[Unnamed] sand-verbena,Abronia bigelovii,Resolved Taxon,FALSE,Nyctaginaceae,Flowering Plants,Plant
[Unnamed] sand-verbena,Abronia turbinata,Resolved Taxon,FALSE,Nyctaginaceae,Flowering Plants,Plant
Rose-purple sand-verbena,Abronia umbellata acutalata,Species of Concern,FALSE,Nyctaginaceae,Flowering Plants,Plant
Pink sand-verbena,Abronia umbellata breviflora,Species of Concern,FALSE,Nyctaginaceae,Flowering Plants,Plant
